Strategie,Preventieve Evacuatie
Voorbereiding,2
TRAJECT_ID,p1,p2,p3,p4,p5
35-1,0.8316,0.0684,0.01,0.072,0.018
35-2,0.8316,0.0684,0.01,0.072,0.018
24-1,0.8316,0.0684,0.01,0.072,0.018
24-2,0.8316,0.0684,0.01,0.072,0.018
16-1,0.8316,0.0684,0.01,0.072,0.018
16-3,0.8316,0.0684,0.01,0.072,0.018
16-4,0.8316,0.0684,0.01,0.072,0.018
23-1,0.8316,0.0684,0.01,0.072,0.018
24-3,0.8316,0.0684,0.01,0.072,0.018
15-1,0.8316,0.0684,0.01,0.072,0.018
14-3,0.5904,0.2096,0.02,0.144,0.036
16-2,0.5904,0.2096,0.02,0.144,0.036
17-1,0.5904,0.2096,0.02,0.144,0.036
17-2,0.5904,0.2096,0.02,0.144,0.036
17-3,0.5904,0.2096,0.02,0.144,0.036
18-1,0.5904,0.2096,0.02,0.144,0.036
19-1,0.5904,0.2096,0.02,0.144,0.036
20-1,0.5904,0.2096,0.02,0.144,0.036
20-2,0.5904,0.2096,0.02,0.144,0.036
20-3,0.5904,0.2096,0.02,0.144,0.036
20-4,0.5904,0.2096,0.02,0.144,0.036
21-1,0.5904,0.2096,0.02,0.144,0.036
21-2,0.5904,0.2096,0.02,0.144,0.036
22-1,0.5904,0.2096,0.02,0.144,0.036
22-2,0.5904,0.2096,0.02,0.144,0.036
15-2,0.5904,0.2096,0.02,0.144,0.036
14-2,0.5904,0.2096,0.02,0.144,0.036
6-3,0.4704,0.3296,0.02,0.144,0.036
6-4,0.4704,0.3296,0.02,0.144,0.036
6-5,0.4704,0.3296,0.02,0.144,0.036
6-6,0.4704,0.3296,0.02,0.144,0.036
6-7,0.4704,0.3296,0.02,0.144,0.036
91-1,0.8,0,0.02,0.144,0.036
92-1,0.8,0,0.02,0.144,0.036
87-1,0.8,0,0.02,0.144,0.036
56-1,0.8,0,0.02,0.144,0.036
58-1,0.8,0,0.02,0.144,0.036
59-1,0.8,0,0.02,0.144,0.036
60-1,0.8,0,0.02,0.144,0.036
61-1,0.8,0,0.02,0.144,0.036
63-1,0.8,0,0.02,0.144,0.036
64-1,0.8,0,0.02,0.144,0.036
65-1,0.8,0,0.02,0.144,0.036
66-1,0.8,0,0.02,0.144,0.036
67-1,0.8,0,0.02,0.144,0.036
68-1,0.8,0,0.02,0.144,0.036
68-2,0.8,0,0.02,0.144,0.036
69-1,0.8,0,0.02,0.144,0.036
70-1,0.8,0,0.02,0.144,0.036
71-1,0.8,0,0.02,0.144,0.036
72-1,0.8,0,0.02,0.144,0.036
73-1,0.8,0,0.02,0.144,0.036
75-1,0.8,0,0.02,0.144,0.036
76-2,0.8,0,0.02,0.144,0.036
76a-1,0.8,0,0.02,0.144,0.036
77-1,0.8,0,0.02,0.144,0.036
80-1,0.8,0,0.02,0.144,0.036
81-1,0.8,0,0.02,0.144,0.036
82-1,0.8,0,0.02,0.144,0.036
83-1,0.8,0,0.02,0.144,0.036
85-1,0.8,0,0.02,0.144,0.036
86-1,0.8,0,0.02,0.144,0.036
88-1,0.8,0,0.02,0.144,0.036
89-1,0.8,0,0.02,0.144,0.036
90-1,0.8,0,0.02,0.144,0.036
93-1,0.8,0,0.02,0.144,0.036
94-1,0.8,0,0.02,0.144,0.036
95-1,0.8,0,0.02,0.144,0.036
79-1,0.8,0,0.02,0.144,0.036
78a-1,0.8,0,0.02,0.144,0.036
55-1,0.8,0,0.02,0.144,0.036
54-1,0.8,0,0.02,0.144,0.036
54-1,0.8,0,0.02,0.144,0.036
78-1,0.8,0,0.02,0.144,0.036
76-1,0.8,0,0.02,0.144,0.036
74-1,0.8,0,0.02,0.144,0.036
57-1,0.8,0,0.02,0.144,0.036
11-1,0.7824,0.0176,0.02,0.144,0.036
45-2,0.7824,0.0176,0.02,0.144,0.036
46-1,0.7824,0.0176,0.02,0.144,0.036
10-1,0.7824,0.0176,0.02,0.144,0.036
10-2,0.7824,0.0176,0.02,0.144,0.036
10-3,0.7824,0.0176,0.02,0.144,0.036
6-1,0.7824,0.0176,0.02,0.144,0.036
6-2,0.7824,0.0176,0.02,0.144,0.036
7-1,0.7824,0.0176,0.02,0.144,0.036
7-2,0.7824,0.0176,0.02,0.144,0.036
8-1,0.7824,0.0176,0.02,0.144,0.036
8-2,0.7824,0.0176,0.02,0.144,0.036
8-3,0.7824,0.0176,0.02,0.144,0.036
8-4,0.7824,0.0176,0.02,0.144,0.036
9-1,0.7824,0.0176,0.02,0.144,0.036
9-2,0.7824,0.0176,0.02,0.144,0.036
11-2,0.7824,0.0176,0.02,0.144,0.036
12-2,0.8,0,0.02,0.144,0.036
13-6,0.8,0,0.02,0.144,0.036
13-7,0.8,0,0.02,0.144,0.036
13-8,0.8,0,0.02,0.144,0.036
13-9,0.8,0,0.02,0.144,0.036
44-2,0.8,0,0.02,0.144,0.036
13b-1,0.8,0,0.02,0.144,0.036
13a-1,0.8,0,0.02,0.144,0.036
12-1,0.2464,0.5536,0.02,0.144,0.036
13-1,0.2464,0.5536,0.02,0.144,0.036
13-2,0.2464,0.5536,0.02,0.144,0.036
13-3,0.2464,0.5536,0.02,0.144,0.036
13-4,0.2464,0.5536,0.02,0.144,0.036
13-5,0.2464,0.5536,0.02,0.144,0.036
14-4,0.2464,0.5536,0.02,0.144,0.036
14-5,0.2464,0.5536,0.02,0.144,0.036
14-6,0.2464,0.5536,0.02,0.144,0.036
14-7,0.2464,0.5536,0.02,0.144,0.036
14-9,0.2464,0.5536,0.02,0.144,0.036
14-10,0.2464,0.5536,0.02,0.144,0.036
44-3,0.2464,0.5536,0.02,0.144,0.036
14-8,0.2464,0.5536,0.02,0.144,0.036
36-1,0.864,0.036,0.01,0.072,0.018
36-2,0.864,0.036,0.01,0.072,0.018
36-3,0.864,0.036,0.01,0.072,0.018
36-5,0.864,0.036,0.01,0.072,0.018
36a-1,0.864,0.036,0.01,0.072,0.018
36-4,0.864,0.036,0.01,0.072,0.018
52-1,0.8712,0.0288,0.01,0.072,0.018
52-2,0.8712,0.0288,0.01,0.072,0.018
52-3,0.8712,0.0288,0.01,0.072,0.018
52-4,0.8712,0.0288,0.01,0.072,0.018
52a-1,0.8712,0.0288,0.01,0.072,0.018
38-1,0.8712,0.0288,0.01,0.072,0.018
38-2,0.8712,0.0288,0.01,0.072,0.018
39-1,0.8712,0.0288,0.01,0.072,0.018
40-1,0.8712,0.0288,0.01,0.072,0.018
40-2,0.8712,0.0288,0.01,0.072,0.018
41-1,0.8712,0.0288,0.01,0.072,0.018
41-2,0.8712,0.0288,0.01,0.072,0.018
41-3,0.8712,0.0288,0.01,0.072,0.018
41-4,0.8712,0.0288,0.01,0.072,0.018
42-1,0.8712,0.0288,0.01,0.072,0.018
43-1,0.8712,0.0288,0.01,0.072,0.018
43-2,0.8712,0.0288,0.01,0.072,0.018
43-3,0.8712,0.0288,0.01,0.072,0.018
43-4,0.8712,0.0288,0.01,0.072,0.018
43-5,0.8712,0.0288,0.01,0.072,0.018
43-6,0.8712,0.0288,0.01,0.072,0.018
47-1,0.8712,0.0288,0.01,0.072,0.018
48-1,0.8712,0.0288,0.01,0.072,0.018
48-2,0.8712,0.0288,0.01,0.072,0.018
48-3,0.8712,0.0288,0.01,0.072,0.018
49-1,0.8712,0.0288,0.01,0.072,0.018
49-2,0.8712,0.0288,0.01,0.072,0.018
50-1,0.8712,0.0288,0.01,0.072,0.018
50-2,0.8712,0.0288,0.01,0.072,0.018
51-1,0.8712,0.0288,0.01,0.072,0.018
53-1,0.8712,0.0288,0.01,0.072,0.018
53-2,0.8712,0.0288,0.01,0.072,0.018
53-3,0.8712,0.0288,0.01,0.072,0.018
44-1,0.8712,0.0288,0.01,0.072,0.018
37-1,0.8712,0.0288,0.01,0.072,0.018
45-1,0.8712,0.0288,0.01,0.072,0.018
1-1,0,0.8,0.02,0.144,0.036
1-2,0,0.8,0.02,0.144,0.036
2-2,0,0.8,0.02,0.144,0.036
3-2,0,0.8,0.02,0.144,0.036
4-2,0,0.8,0.02,0.144,0.036
5-1,0,0.8,0.02,0.144,0.036
5-2,0,0.8,0.02,0.144,0.036
3-1,0,0.8,0.02,0.144,0.036
2-1,0,0.8,0.02,0.144,0.036
4-1,0,0.8,0.02,0.144,0.036
34-1,0.7536,0.0464,0.02,0.144,0.036
34-2,0.7536,0.0464,0.02,0.144,0.036
34a-1,0.7536,0.0464,0.02,0.144,0.036
32-1,0.7536,0.0464,0.02,0.144,0.036
32-2,0.7536,0.0464,0.02,0.144,0.036
32-3,0.7536,0.0464,0.02,0.144,0.036
32-4,0.7536,0.0464,0.02,0.144,0.036
25-1,0.5216,0.2784,0.02,0.144,0.036
25-2,0.5216,0.2784,0.02,0.144,0.036
26-1,0.5216,0.2784,0.02,0.144,0.036
26-2,0.5216,0.2784,0.02,0.144,0.036
26-3,0.5216,0.2784,0.02,0.144,0.036
27-1,0.5216,0.2784,0.02,0.144,0.036
27-2,0.5216,0.2784,0.02,0.144,0.036
28-1,0.5216,0.2784,0.02,0.144,0.036
29-3,0.5216,0.2784,0.02,0.144,0.036
29-4,0.5216,0.2784,0.02,0.144,0.036
30-2,0.5216,0.2784,0.02,0.144,0.036
30-3,0.5216,0.2784,0.02,0.144,0.036
30-4,0.5216,0.2784,0.02,0.144,0.036
31-1,0.5216,0.2784,0.02,0.144,0.036
31-2,0.5216,0.2784,0.02,0.144,0.036
30-1,0.5216,0.2784,0.02,0.144,0.036
29-1,0.5216,0.2784,0.02,0.144,0.036
29-2,0.5216,0.2784,0.02,0.144,0.036
