wd(m),factor
0.0,0.0
0.01,0.001
0.02,0.003
0.03,0.004
0.04,0.006
0.05,0.007
0.06,0.009
0.07,0.01
0.08,0.011
0.09,0.013
0.1,0.014
0.11,0.016
0.12,0.017
0.13,0.019
0.14,0.02
0.15,0.021
0.16,0.023
0.17,0.024
0.18,0.026
0.19,0.027
0.2,0.029
0.21,0.03
0.22,0.031
0.23,0.033
0.24,0.034
0.25,0.036
0.26,0.037
0.27,0.039
0.28,0.04
0.29,0.041
0.3,0.043
0.31,0.044
0.32,0.046
0.33,0.047
0.34,0.049
0.35,0.05
0.36,0.051
0.37,0.053
0.38,0.054
0.39,0.056
0.4,0.057
0.41,0.059
0.42,0.06
0.43,0.061
0.44,0.063
0.45,0.064
0.46,0.066
0.47,0.067
0.48,0.069
0.49,0.07
0.5,0.071
0.51,0.073
0.52,0.074
0.53,0.076
0.54,0.077
0.55,0.079
0.56,0.08
0.57,0.081
0.58,0.083
0.59,0.084
0.6,0.086
0.61,0.087
0.62,0.089
0.63,0.09
0.64,0.091
0.65,0.093
0.66,0.094
0.67,0.096
0.68,0.097
0.69,0.099
0.7,0.1
0.71,0.101
0.72,0.103
0.73,0.104
0.74,0.106
0.75,0.107
0.76,0.109
0.77,0.11
0.78,0.111
0.79,0.113
0.8,0.114
0.81,0.116
0.82,0.117
0.83,0.119
0.84,0.12
0.85,0.121
0.86,0.123
0.87,0.124
0.88,0.126
0.89,0.127
0.9,0.129
0.91,0.13
0.92,0.131
0.93,0.133
0.94,0.134
0.95,0.136
0.96,0.137
0.97,0.139
0.98,0.14
0.99,0.141
1.0,0.143
1.01,0.144
1.02,0.146
1.03,0.147
1.04,0.149
1.05,0.15
1.06,0.151
1.07,0.153
1.08,0.154
1.09,0.156
1.1,0.157
1.11,0.159
1.12,0.16
1.13,0.161
1.14,0.163
1.15,0.164
1.16,0.166
1.17,0.167
1.18,0.169
1.19,0.17
1.2,0.171
1.21,0.173
1.22,0.174
1.23,0.176
1.24,0.177
1.25,0.179
1.26,0.18
1.27,0.181
1.28,0.183
1.29,0.184
1.3,0.186
1.31,0.187
1.32,0.189
1.33,0.19
1.34,0.191
1.35,0.193
1.36,0.194
1.37,0.196
1.38,0.197
1.39,0.199
1.4,0.2
1.41,0.201
1.42,0.203
1.43,0.204
1.44,0.206
1.45,0.207
1.46,0.209
1.47,0.21
1.48,0.211
1.49,0.213
1.5,0.214
1.51,0.216
1.52,0.218
1.53,0.22
1.54,0.221
1.55,0.223
1.56,0.225
1.57,0.227
1.58,0.229
1.59,0.23
1.6,0.232
1.61,0.234
1.62,0.236
1.63,0.237
1.64,0.239
1.65,0.241
1.66,0.243
1.67,0.245
1.68,0.246
1.69,0.248
1.7,0.25
1.71,0.252
1.72,0.254
1.73,0.255
1.74,0.257
1.75,0.259
1.76,0.261
1.77,0.262
1.78,0.264
1.79,0.266
1.8,0.268
1.81,0.27
1.82,0.271
1.83,0.273
1.84,0.275
1.85,0.277
1.86,0.279
1.87,0.28
1.88,0.282
1.89,0.284
1.9,0.286
1.91,0.287
1.92,0.289
1.93,0.291
1.94,0.293
1.95,0.295
1.96,0.296
1.97,0.298
1.98,0.3
1.99,0.302
2.0,0.304
2.01,0.305
2.02,0.306
2.03,0.308
2.04,0.309
2.05,0.311
2.06,0.312
2.07,0.314
2.08,0.315
2.09,0.316
2.1,0.318
2.11,0.319
2.12,0.321
2.13,0.322
2.14,0.324
2.15,0.325
2.16,0.326
2.17,0.328
2.18,0.329
2.19,0.331
2.2,0.332
2.21,0.334
2.22,0.335
2.23,0.336
2.24,0.338
2.25,0.339
2.26,0.341
2.27,0.342
2.28,0.344
2.29,0.345
2.3,0.346
2.31,0.348
2.32,0.349
2.33,0.351
2.34,0.352
2.35,0.354
2.36,0.355
2.37,0.356
2.38,0.358
2.39,0.359
2.4,0.361
2.41,0.362
2.42,0.364
2.43,0.365
2.44,0.366
2.45,0.368
2.46,0.369
2.47,0.371
2.48,0.372
2.49,0.374
2.5,0.375
2.51,0.376
2.52,0.378
2.53,0.379
2.54,0.381
2.55,0.382
2.56,0.384
2.57,0.385
2.58,0.386
2.59,0.388
2.6,0.389
2.61,0.391
2.62,0.392
2.63,0.394
2.64,0.395
2.65,0.396
2.66,0.398
2.67,0.399
2.68,0.401
2.69,0.402
2.7,0.404
2.71,0.405
2.72,0.406
2.73,0.408
2.74,0.409
2.75,0.411
2.76,0.412
2.77,0.414
2.78,0.415
2.79,0.416
2.8,0.418
2.81,0.419
2.82,0.421
2.83,0.422
2.84,0.424
2.85,0.425
2.86,0.426
2.87,0.428
2.88,0.429
2.89,0.431
2.9,0.432
2.91,0.434
2.92,0.435
2.93,0.436
2.94,0.438
2.95,0.439
2.96,0.441
2.97,0.442
2.98,0.444
2.99,0.445
3.0,0.446
3.01,0.447
3.02,0.448
3.03,0.448
3.04,0.449
3.05,0.449
3.06,0.45
3.07,0.45
3.08,0.451
3.09,0.451
3.1,0.452
3.11,0.452
3.12,0.453
3.13,0.453
3.14,0.454
3.15,0.454
3.16,0.455
3.17,0.456
3.18,0.456
3.19,0.457
3.2,0.457
3.21,0.458
3.22,0.458
3.23,0.459
3.24,0.459
3.25,0.46
3.26,0.46
3.27,0.461
3.28,0.461
3.29,0.462
3.3,0.463
3.31,0.463
3.32,0.464
3.33,0.464
3.34,0.465
3.35,0.465
3.36,0.466
3.37,0.466
3.38,0.467
3.39,0.467
3.4,0.468
3.41,0.468
3.42,0.469
3.43,0.469
3.44,0.47
3.45,0.471
3.46,0.471
3.47,0.472
3.48,0.472
3.49,0.473
3.5,0.473
3.51,0.474
3.52,0.474
3.53,0.475
3.54,0.475
3.55,0.476
3.56,0.476
3.57,0.477
3.58,0.478
3.59,0.478
3.6,0.479
3.61,0.479
3.62,0.48
3.63,0.48
3.64,0.481
3.65,0.481
3.66,0.482
3.67,0.482
3.68,0.483
3.69,0.483
3.7,0.484
3.71,0.484
3.72,0.485
3.73,0.486
3.74,0.486
3.75,0.487
3.76,0.487
3.77,0.488
3.78,0.488
3.79,0.489
3.8,0.489
3.81,0.49
3.82,0.49
3.83,0.491
3.84,0.491
3.85,0.492
3.86,0.493
3.87,0.493
3.88,0.494
3.89,0.494
3.9,0.495
3.91,0.495
3.92,0.496
3.93,0.496
3.94,0.497
3.95,0.497
3.96,0.498
3.97,0.498
3.98,0.499
3.99,0.499
4.0,0.5
4.01,0.5
4.02,0.5
4.03,0.5
4.04,0.5
4.05,0.5
4.06,0.5
4.07,0.5
4.08,0.5
4.09,0.5
4.1,0.5
4.11,0.5
4.12,0.5
4.13,0.5
4.14,0.5
4.15,0.5
4.16,0.5
4.17,0.5
4.18,0.5
4.19,0.5
4.2,0.5
4.21,0.5
4.22,0.5
4.23,0.5
4.24,0.5
4.25,0.5
4.26,0.5
4.27,0.5
4.28,0.5
4.29,0.5
4.3,0.5
4.31,0.5
4.32,0.5
4.33,0.5
4.34,0.5
4.35,0.5
4.36,0.5
4.37,0.5
4.38,0.5
4.39,0.5
4.4,0.5
4.41,0.5
4.42,0.5
4.43,0.5
4.44,0.5
4.45,0.5
4.46,0.5
4.47,0.5
4.48,0.5
4.49,0.5
4.5,0.5
4.51,0.5
4.52,0.5
4.53,0.5
4.54,0.5
4.55,0.5
4.56,0.5
4.57,0.5
4.58,0.5
4.59,0.5
4.6,0.5
4.61,0.5
4.62,0.5
4.63,0.5
4.64,0.5
4.65,0.5
4.66,0.5
4.67,0.5
4.68,0.5
4.69,0.5
4.7,0.5
4.71,0.5
4.72,0.5
4.73,0.5
4.74,0.5
4.75,0.5
4.76,0.5
4.77,0.5
4.78,0.5
4.79,0.5
4.8,0.5
4.81,0.5
4.82,0.5
4.83,0.5
4.84,0.5
4.85,0.5
4.86,0.5
4.87,0.5
4.88,0.5
4.89,0.5
4.9,0.5
4.91,0.5
4.92,0.5
4.93,0.5
4.94,0.5
4.95,0.5
4.96,0.5
4.97,0.5
4.98,0.5
4.99,0.5
5.0,0.5
